Date,close,Predictions
2017-01-09,43.15,42.47536
2017-01-10,43.85,42.461792
2017-01-11,44.0,42.46337
2017-01-12,43.65,42.485504
2017-01-13,43.2,42.48621
2017-01-16,42.0,42.433426
2017-01-17,42.0,42.242302
2017-01-18,41.6,41.98698
2017-01-19,41.45,41.67824
2017-01-20,42.2,41.353687
2017-01-23,42.0,41.119984
2017-01-24,42.0,40.945328
2017-01-25,42.3,40.82651
2017-02-02,42.7,40.782
2017-02-03,43.2,40.82426
2017-02-06,44.1,40.962017
2017-02-07,44.6,41.228424
2017-02-08,44.65,41.59456
2017-02-09,44.55,41.99262
2017-02-10,44.35,42.363422
2017-02-13,44.75,42.66236
2017-02-14,45.1,42.924187
2017-02-15,45.15,43.167755
2017-02-16,44.7,43.379547
2017-02-17,44.3,43.508427
2017-02-20,42.0,43.53655
2017-02-21,42.25,43.283726
2017-02-22,40.2,42.91147
2017-02-23,40.6,42.30775
2017-02-24,40.45,41.663803
2017-02-27,40.25,41.041157
2017-02-28,40.0,40.47537
2017-03-01,40.9,39.978653
2017-03-02,42.0,39.65529
2017-03-03,41.0,39.568054
2017-03-06,41.2,39.545506
2017-03-07,41.2,39.588245
2017-03-08,41.25,39.66645
2017-03-09,42.0,39.763477
2017-03-10,42.1,39.930344
2017-03-13,42.1,40.132046
2017-03-14,42.05,40.33672
2017-03-15,41.55,40.51911
2017-03-16,41.8,40.624092
2017-03-17,41.3,40.69393
2017-03-20,41.85,40.687557
2017-03-21,42.85,40.685345
2017-03-22,42.4,40.775078
2017-03-23,42.75,40.870453
2017-03-24,43.05,40.994934
2017-03-27,43.05,41.152054
2017-03-28,42.95,41.313828
2017-03-29,43.4,41.4539
2017-03-30,29.95,41.608482
2017-03-31,30.55,40.526417
2017-04-03,31.95,38.893143
2017-04-04,32.3,37.191154
2017-04-05,31.45,35.63456
2017-04-07,31.85,34.245743
2017-04-10,31.95,33.128193
2017-04-11,31.9,32.28944
2017-04-12,31.6,31.69681
2017-04-13,31.5,31.286993
2017-04-14,30.9,31.019745
2017-04-17,30.5,30.816042
2017-04-18,30.25,30.636995
2017-04-19,30.95,30.467327
2017-04-20,30.45,30.372625
2017-04-21,30.45,30.291824
2017-04-24,30.05,30.226894
2017-04-25,29.8,30.144547
2017-04-26,29.2,30.037663
2017-04-27,29.5,29.875797
2017-04-28,29.4,29.716324
2017-05-03,29.1,29.56303
2017-05-04,29.2,29.40313
2017-05-05,29.2,29.260603
2017-05-08,29.15,29.14079
2017-05-09,29.7,29.04152
2017-05-10,30.0,29.006767
2017-05-11,30.15,29.039059
2017-05-12,29.7,29.123066
2017-05-15,29.5,29.197031
2017-05-16,29.0,29.242073
2017-05-17,29.05,29.224337
2017-05-18,28.5,29.171614
2017-05-19,28.7,29.057201
2017-05-22,28.9,28.929512
2017-05-23,29.05,28.819796
2017-05-24,29.35,28.743078
2017-05-25,29.35,28.71792
2017-05-26,29.2,28.727993
2017-05-29,29.8,28.7481
2017-05-30,29.35,28.819855
2017-05-31,30.4,28.882357
2017-06-01,30.3,29.01661
2017-06-02,30.0,29.176329
2017-06-05,29.95,29.315367
2017-06-06,30.5,29.425064
2017-06-07,31.4,29.54963
2017-06-08,31.5,29.744066
2017-06-09,31.45,29.974379
2017-06-12,30.9,30.204437
2017-06-13,31.4,30.370104
2017-06-14,31.65,30.520504
2017-06-15,32.4,30.667137
2017-06-16,30.85,30.859432
2017-06-19,30.5,30.938143
2017-06-20,30.9,30.91147
2017-06-21,30.6,30.85176
2017-06-22,30.75,30.751482
2017-06-23,30.8,30.647495
2017-06-26,30.85,30.554684
2017-06-27,30.65,30.481794
2017-06-28,30.7,30.412357
2017-06-29,31.15,30.355742
2017-06-30,32.0,30.348291
2017-07-03,33.0,30.44089
2017-07-04,33.0,30.669844
2017-07-05,32.9,30.966125
2017-07-06,33.3,31.272121
2017-07-07,33.0,31.589828
2017-07-10,33.1,31.861189
2017-07-11,32.9,32.08719
2017-07-12,33.0,32.24702
2017-07-13,33.6,32.358883
2017-07-14,33.7,32.479748
2017-07-17,32.85,32.603523
2017-07-18,32.05,32.648384
2017-07-19,31.8,32.574455
2017-07-20,31.65,32.41186
2017-07-21,31.4,32.195232
2017-07-24,31.6,31.94376
2017-07-25,32.0,31.70998
2017-07-26,32.8,31.5411
2017-07-27,32.45,31.493876
2017-07-28,32.45,31.499529
2017-07-31,32.3,31.539585
2017-08-01,32.7,31.585308
2017-08-02,32.3,31.662973
2017-08-03,32.3,31.720364
2017-08-04,32.0,31.760214
2017-08-07,32.25,31.76031
2017-08-08,32.3,31.755735
2017-08-09,31.85,31.752134
2017-08-10,32.0,31.712872
2017-08-11,32.7,31.66741
2017-08-14,34.0,31.678797
2017-08-15,33.5,31.831326
2017-08-16,34.25,32.018692
2017-08-17,33.65,32.2754
2017-08-18,33.75,32.502445
2017-08-21,33.1,32.699356
2017-08-22,33.25,32.804302
2017-08-23,33.5,32.85427
2017-08-24,33.7,32.884735
2017-08-25,33.9,32.91658
2017-08-28,34.4,32.963467
2017-08-29,34.45,33.057743
2017-08-30,34.85,33.177734
2017-08-31,35.05,33.337387
2017-09-01,35.1,33.52434
2017-09-05,35.4,33.716057
2017-09-06,36.0,33.918888
2017-09-07,35.5,34.160778
2017-09-08,35.95,34.36247
2017-09-11,35.3,34.559937
2017-09-12,35.45,34.68021
2017-09-13,36.9,34.754734
2017-09-14,36.7,34.916595
2017-09-15,37.0,35.099846
2017-09-18,37.65,35.30789
2017-09-19,38.0,35.56856
2017-09-20,37.9,35.868294
2017-09-21,37.5,36.156685
2017-09-22,37.7,36.37704
2017-09-25,37.5,36.55193
2017-09-26,37.4,36.6634
2017-09-27,37.7,36.71624
2017-09-28,37.75,36.75363
2017-09-29,38.9,36.78175
2017-10-02,39.05,36.90271
2017-10-03,38.8,37.082523
2017-10-04,39.65,37.262203
2017-10-05,38.8,37.50126
2017-10-06,38.85,37.678352
2017-10-09,39.45,37.80676
2017-10-10,39.7,37.944637
2017-10-11,39.55,38.096222
2017-10-12,39.5,38.2291
2017-10-13,38.95,38.334232
2017-10-16,38.0,38.363197
2017-10-17,39.0,38.25836
2017-10-18,38.4,38.16999
2017-10-19,37.8,38.043682
2017-10-20,37.45,37.85511
2017-10-23,37.1,37.615993
2017-10-24,37.5,37.33747
2017-10-25,37.35,37.096115
2017-10-26,37.0,36.886597
2017-10-27,37.7,36.687252
2017-10-30,36.8,36.574898
2017-10-31,37.0,36.447746
2017-11-01,35.7,36.343105
2017-11-02,34.8,36.148487
2017-11-03,36.2,35.840446
2017-11-06,36.9,35.61042
2017-11-07,36.9,35.506718
2017-11-08,37.05,35.49238
2017-11-09,37.05,35.550076
2017-11-10,37.25,35.647926
2017-11-13,36.65,35.77921
2017-11-14,37.4,35.866802
2017-11-15,38.75,35.984257
2017-11-16,38.65,36.22443
2017-11-17,38.2,36.50946
2017-11-20,37.4,36.758854
2017-11-21,37.55,36.89325
2017-11-22,38.3,36.956184
2017-11-23,38.2,37.03205
2017-11-24,39.1,37.098415
2017-11-27,39.25,37.232834
2017-11-28,39.4,37.409386
2017-11-29,39.3,37.610184
2017-11-30,41.2,37.79877
2017-12-01,41.5,38.131096
2017-12-04,42.0,38.545887
2017-12-05,41.6,39.020348
2017-12-06,42.25,39.45139
2017-12-07,41.95,39.874367
2017-12-08,41.2,40.22231
2017-12-11,40.2,40.422184
2017-12-12,39.7,40.42015
2017-12-13,40.3,40.24802
2017-12-14,40.65,40.040646
2017-12-15,41.7,39.860718
2017-12-18,43.0,39.810577
2017-12-19,43.6,39.963375
2017-12-20,44.0,40.283016
2017-12-21,44.1,40.715122
2017-12-22,44.35,41.186497
2017-12-25,43.85,41.660717
2017-12-26,43.9,42.043602
2017-12-27,45.4,42.337673
2017-12-28,45.8,42.686092
2017-12-29,46.85,43.067406
2018-01-02,47.7,43.53178
2018-01-03,47.6,44.081547
2018-01-04,48.2,44.62056
2018-01-05,48.0,45.15872
2018-01-08,49.5,45.621635
2018-01-09,52.9,46.136936
2018-01-10,51.7,46.95845
2018-01-11,51.7,47.762783
2018-01-12,52.1,48.484753
2018-01-15,54.6,49.121014
2018-01-16,56.0,49.88492
2018-01-17,53.6,50.78055
2018-01-18,56.0,51.421684
2018-01-19,59.7,52.09358
2018-01-22,63.6,53.07793
2018-01-25,61.5,54.541355
2018-01-26,63.9,55.921394
2018-01-29,61.5,57.37151
2018-01-30,61.3,58.443703
2018-01-31,62.3,59.15842
2018-02-01,61.0,59.67738
2018-02-02,61.1,59.872417
2018-02-05,57.0,59.86493
2018-02-06,58.0,59.298073
2018-02-07,59.5,58.580616
2018-02-08,59.7,57.99398
2018-02-09,58.3,57.561737
2018-02-12,58.8,57.126556
2018-02-13,60.6,56.79999
2018-02-21,60.0,56.760036
2018-02-22,58.9,56.82957
2018-02-23,61.6,56.85228
2018-02-26,64.4,57.133568
2018-02-27,64.1,57.822
2018-02-28,66.0,58.645794
2018-03-01,66.7,59.673862
2018-03-02,66.3,60.78278
2018-03-05,61.7,61.77679
2018-03-06,63.9,62.102516
2018-03-07,61.1,62.24459
2018-03-08,61.8,61.93673
2018-03-09,61.5,61.47823
2018-03-12,62.0,60.936543
2018-03-13,61.5,60.45668
2018-03-14,61.8,60.010185
2018-03-15,60.6,59.66858
2018-03-16,60.2,59.300053
2018-03-19,63.1,58.92142
2018-03-20,61.5,58.884583
2018-03-21,63.0,58.875122
2018-03-22,62.8,59.056175
2018-03-23,61.4,59.305367
2018-03-26,58.9,59.42531
2018-03-27,59.4,59.19839
2018-03-28,59.9,58.849342
2018-03-29,60.8,58.507797
2018-03-30,60.4,58.297695
2018-04-02,59.0,58.144382
2018-04-03,58.5,57.900333
2018-04-04,59.0,57.58354
2018-04-05,58.8,57.309486
2018-04-06,60.4,57.065784
2018-04-09,60.8,57.035126
2018-04-10,60.8,57.171875
2018-04-11,60.5,57.397808
2018-04-12,61.7,57.62521
2018-04-13,61.2,57.957214
2018-04-16,60.1,58.258232
2018-04-17,59.7,58.39613
2018-04-18,59.0,58.382492
2018-04-19,57.0,58.203575
2018-04-20,58.8,57.73517
2018-04-23,55.6,57.33739
2018-04-24,56.0,56.678257
2018-04-26,53.5,55.99125
2018-04-27,53.8,55.097294
2018-05-02,54.4,54.21664
2018-05-03,54.3,53.494045
2018-05-04,54.0,52.931107
2018-05-07,56.0,52.497612
2018-05-08,57.0,52.39485
2018-05-09,57.0,52.59968
2018-05-10,55.2,52.97304
2018-05-11,55.7,53.232025
2018-05-14,55.8,53.45391
2018-05-15,55.4,53.634342
2018-05-16,54.0,53.727646
2018-05-17,53.0,53.615704
2018-05-18,53.9,53.292976
2018-05-21,53.2,52.96801
2018-05-22,50.5,52.597446
2018-05-23,51.7,51.968956
2018-05-24,52.4,51.381397
2018-05-25,52.1,50.94048
2018-05-28,48.7,50.602776
2018-05-29,52.0,50.02864
2018-05-30,52.8,49.712208
2018-05-31,56.1,49.647373
2018-06-01,57.0,50.073536
2018-06-04,60.0,50.841972
2018-06-05,59.0,52.052002
2018-06-06,60.8,53.30305
2018-06-07,61.9,54.64372
2018-06-08,61.3,56.003975
2018-06-11,60.6,57.164223
2018-06-12,42.5,58.005295
2018-06-13,43.4,56.670525
2018-06-14,42.6,54.357162
2018-06-15,43.0,51.596176
2018-06-18,40.2,48.897472
2018-06-19,38.35,46.24947
2018-06-20,40.0,43.75295
2018-06-21,39.25,41.763237
2018-06-22,40.95,40.20355
2018-06-25,41.5,39.21645
2018-06-26,41.1,38.72172
2018-06-27,39.5,38.546185
2018-06-28,38.85,38.447403
2018-06-29,38.4,38.35152
2018-07-02,38.4,38.224766
2018-07-03,36.3,38.088676
2018-07-04,37.1,37.772686
2018-07-05,36.1,37.447517
2018-07-06,36.8,37.054787
2018-07-09,35.7,36.718964
2018-07-10,35.5,36.351913
2018-07-11,34.4,35.984436
2018-07-12,33.75,35.55523
2018-07-13,35.6,35.072685
2018-07-16,35.5,34.7571
2018-07-17,36.1,34.561928
2018-07-18,37.2,34.51274
2018-07-19,37.2,34.652657
2018-07-20,36.7,34.898037
2018-07-23,36.95,35.145477
2018-07-24,35.4,35.39283
2018-07-25,35.5,35.481823
2018-07-26,36.5,35.47265
2018-07-27,37.3,35.485577
2018-07-30,37.05,35.57768
2018-07-31,37.35,35.689598
2018-08-01,37.6,35.83141
2018-08-02,37.25,36.00012
2018-08-03,36.3,36.13951
2018-08-06,36.15,36.165684
2018-08-07,36.15,36.106216
2018-08-08,36.7,35.997314
2018-08-09,36.55,35.9145
2018-08-10,37.0,35.842037
2018-08-13,38.3,35.82299
2018-08-14,38.5,35.95142
2018-08-15,37.5,36.17712
2018-08-16,37.5,36.357834
2018-08-17,37.7,36.49566
2018-08-20,37.25,36.609615
2018-08-21,37.5,36.65758
2018-08-22,38.0,36.68221
2018-08-23,38.1,36.732605
2018-08-24,38.35,36.802673
2018-08-27,38.95,36.901207
2018-08-28,39.9,37.061165
2018-08-29,39.6,37.32793
2018-08-30,39.65,37.60982
2018-08-31,39.95,37.881172
2018-09-04,39.0,38.146694
2018-09-05,38.6,38.297955
2018-09-06,38.65,38.329502
2018-09-07,39.7,38.286995
2018-09-10,39.2,38.294476
2018-09-11,40.0,38.28596
2018-09-12,39.5,38.342278
2018-09-13,39.75,38.387905
2018-09-14,39.5,38.447056
2018-09-17,39.45,38.486042
2018-09-18,39.45,38.505
2018-09-19,39.65,38.50949
2018-09-20,40.9,38.522232
2018-09-21,41.3,38.650223
2018-09-24,41.3,38.872143
2018-09-25,41.25,39.13322
2018-09-26,41.0,39.39075
2018-09-27,41.55,39.59913
2018-09-28,42.3,39.80672
2018-10-01,42.4,40.060093
2018-10-02,41.3,40.325768
2018-10-03,41.3,40.474167
2018-10-04,41.4,40.537872
2018-10-05,41.45,40.55003
2018-10-08,41.2,40.53252
2018-10-09,41.0,40.475376
2018-10-10,41.4,40.381798
2018-10-11,39.9,40.311436
2018-10-12,40.8,40.12507
2018-10-15,40.35,39.97053
2018-10-16,40.75,39.806194
2018-10-17,41.0,39.68972
2018-10-18,41.0,39.63594
2018-10-19,40.75,39.62668
2018-10-22,40.1,39.624348
2018-10-23,39.5,39.568806
2018-10-24,39.2,39.43259
2018-10-25,39.0,39.232574
2018-10-26,38.9,38.99366
2018-10-29,38.85,38.744305
2018-10-30,38.7,38.507847
2018-10-31,40.25,38.288834
2018-11-01,39.6,38.23958
2018-11-02,40.0,38.240265
2018-11-05,40.0,38.3113
2018-11-06,39.6,38.418644
2018-11-07,39.15,38.503063
2018-11-08,38.9,38.525517
2018-11-09,37.6,38.48475
2018-11-12,37.55,38.2922
2018-11-13,36.9,38.020897
2018-11-14,35.8,37.667286
2018-11-15,35.0,37.200626
2018-11-16,35.2,36.64021
2018-11-19,35.45,36.09222
2018-11-20,36.5,35.623463
2018-11-21,36.5,35.33756
2018-11-22,35.8,35.191658
2018-11-23,35.55,35.08899
2018-11-26,35.6,35.002995
2018-11-27,35.6,34.938766
2018-11-28,35.2,34.89288
2018-11-29,34.2,34.828053
2018-11-30,33.2,34.67246
2018-12-03,34.8,34.39033
2018-12-04,34.6,34.189613
2018-12-05,35.3,34.037632
2018-12-06,34.6,33.991028
2018-12-07,34.65,33.955555
2018-12-10,33.75,33.936172
2018-12-11,33.45,33.851925
2018-12-12,33.6,33.709904
2018-12-13,34.0,33.55594
2018-12-14,33.5,33.440823
2018-12-17,32.4,33.318356
2018-12-18,31.1,33.111916
2018-12-19,29.7,32.764755
2018-12-20,29.95,32.24633
2018-12-21,29.95,31.688362
2018-12-24,30.5,31.154123
2018-12-25,30.4,30.72718
2018-12-26,30.3,30.3978
2018-12-27,30.95,30.152103
2018-12-28,30.95,30.032785
2019-01-02,30.8,30.003094
2019-01-03,29.5,30.020872
2019-01-04,29.7,29.96288
2019-01-07,29.35,29.87747
2019-01-08,28.85,29.752121
2019-01-09,29.5,29.572432
2019-01-10,29.8,29.425135
2019-01-11,29.35,29.334036
2019-01-14,29.3,29.251472
2019-01-15,29.3,29.178112
2019-01-16,29.45,29.116392
2019-01-17,28.9,29.07874
2019-01-18,29.2,29.015955
2019-01-21,29.55,28.966228
2019-01-22,29.5,28.955755
2019-01-23,30.05,28.967077
2019-01-24,29.85,29.034805
2019-01-25,29.7,29.116484
2019-01-28,29.75,29.188366
2019-01-29,29.7,29.251303
2019-01-30,29.0,29.298565
2019-01-31,27.7,29.276165
2019-02-01,27.3,29.109152
2019-02-11,28.9,28.83381
2019-02-12,29.5,28.63795
2019-02-13,30.9,28.55571
2019-02-14,31.0,28.664534
2019-02-15,31.6,28.895115
2019-02-18,32.15,29.23268
2019-02-19,31.7,29.653189
2019-02-20,32.2,30.053846
2019-02-21,32.7,30.446884
2019-02-22,33.9,30.839748
2019-02-25,34.8,31.29549
2019-02-26,34.5,31.825146
2019-02-27,34.4,32.331173
2019-02-28,33.6,32.769947
2019-03-01,34.25,33.059307
2019-03-04,35.35,33.282394
2019-03-05,35.05,33.534084
2019-03-06,35.0,33.755512
2019-03-07,34.1,33.935726
2019-03-08,33.95,33.997944
2019-03-11,33.8,33.96881
2019-03-12,33.85,33.871727
2019-03-13,34.35,33.745274
2019-03-14,34.2,33.6543
2019-03-15,31.9,33.581547
2019-03-18,31.85,33.33594
2019-03-19,31.9,33.003876
2019-03-20,32.3,32.649956
2019-03-21,32.0,32.347115
2019-03-22,31.95,32.079258
2019-03-25,31.4,31.854927
2019-03-26,31.6,31.633585
2019-03-27,32.35,31.450846
2019-03-28,32.45,31.368954
2019-03-29,32.2,31.365643
2019-04-01,31.95,31.392673
2019-04-02,32.1,31.416368
2019-04-03,32.1,31.447563
2019-04-04,32.4,31.47978
2019-04-05,32.5,31.53391
2019-04-08,32.4,31.604792
2019-04-09,32.1,31.671812
2019-04-10,31.95,31.705883
2019-04-11,31.95,31.70369
2019-04-12,32.05,31.678286
2019-04-16,31.75,31.648243
2019-04-17,31.6,31.593294
2019-04-18,31.3,31.515667
2019-04-19,31.6,31.4061
2019-04-22,31.85,31.310585
2019-04-23,31.9,31.25226
2019-04-24,33.35,31.226868
2019-04-25,33.1,31.343023
2019-04-26,33.6,31.51753
2019-05-02,34.0,31.756271
2019-05-03,34.15,32.04704
2019-05-06,33.45,32.35716
2019-05-07,33.5,32.59365
2019-05-08,33.15,32.766678
2019-05-09,32.9,32.853596
2019-05-10,32.85,32.857426
2019-05-13,32.05,32.80424
2019-05-14,32.4,32.65362
2019-05-15,32.4,32.485405
2019-05-16,32.3,32.320553
2019-05-17,32.25,32.16518
2019-05-20,32.8,32.026375
2019-05-21,32.9,31.955963
2019-05-22,33.0,31.942947
2019-05-23,32.75,31.97624
2019-05-24,32.15,32.015472
2019-05-27,32.2,32.00584
2019-05-28,32.05,31.97033
2019-05-29,32.5,31.908371
2019-05-30,32.0,31.872074
2019-05-31,32.1,31.813807
2019-06-03,31.5,31.756083
2019-06-04,24.3,31.654438
2019-06-05,23.8,30.95267
2019-06-06,22.7,29.910145
2019-06-07,22.95,28.660305
2019-06-10,22.9,27.413385
2019-06-11,23.0,26.274649
2019-06-12,23.1,25.310991
2019-06-13,23.0,24.547451
2019-06-14,22.95,23.967194
2019-06-17,22.45,23.54689
2019-06-18,23.05,23.225597
2019-06-19,23.85,23.034077
2019-06-20,23.6,22.996433
2019-06-21,23.7,23.042171
2019-06-24,23.35,23.143467
2019-06-25,23.1,23.245234
2019-06-26,22.9,23.318827
2019-06-27,22.55,23.351843
2019-06-28,23.5,23.329393
2019-07-01,23.0,23.340235
2019-07-02,22.6,23.336025
2019-07-03,22.15,23.293705
2019-07-04,22.3,23.197275
2019-07-05,22.3,23.083834
2019-07-08,21.75,22.968508
2019-07-09,21.35,22.822353
2019-07-10,21.35,22.639574
2019-07-11,21.55,22.447575
2019-07-12,21.9,22.27922
2019-07-15,21.45,22.164719
2019-07-16,21.6,22.06305
2019-07-17,21.35,21.98801
2019-07-18,20.95,21.918222
2019-07-19,20.6,21.828764
2019-07-22,20.75,21.708408
2019-07-23,21.7,21.587427
2019-07-24,21.55,21.541906
2019-07-25,22.4,21.539633
2019-07-26,22.55,21.62531
2019-07-29,22.1,21.77243
2019-07-30,21.5,21.915941
2019-07-31,22.55,22.001972
2019-08-01,22.6,22.11624
2019-08-02,22.45,22.243578
2019-08-05,22.15,22.358982
2019-08-06,21.75,22.435892
2019-08-07,22.1,22.452799
2019-08-08,23.3,22.453888
2019-08-09,23.1,22.530348
2019-08-12,23.6,22.637022
2019-08-13,23.45,22.791195
2019-08-14,23.45,22.953302
2019-08-15,23.25,23.107197
2019-08-16,23.05,23.228413
2019-08-19,23.05,23.303751
2019-08-20,22.9,23.342997
2019-08-21,23.2,23.34502
2019-08-22,23.05,23.344795
2019-08-23,23.4,23.332987
2019-08-26,22.8,23.340456
2019-08-27,22.4,23.317097
2019-08-28,22.25,23.247017
2019-08-29,22.15,23.141413
2019-08-30,22.2,23.014309
2019-09-03,21.65,22.887537
2019-09-04,21.6,22.732582
2019-09-05,21.7,22.568548
2019-09-06,21.4,22.419037
2019-09-09,21.2,22.270084
2019-09-10,21.3,22.119415
2019-09-11,22.05,21.986542
2019-09-12,22.55,21.928465
2019-09-13,22.6,21.959368
2019-09-16,22.65,22.049696
2019-09-17,22.7,22.174637
2019-09-18,23.0,22.314785
2019-09-19,22.95,22.474037
2019-09-20,22.65,22.628887
2019-09-23,22.0,22.7465
2019-09-24,22.15,22.783363
2019-09-25,21.9,22.774872
2019-09-26,22.25,22.719923
2019-09-27,22.15,22.664705
2019-09-30,21.95,22.607483
2019-10-01,21.9,22.54005
2019-10-02,21.75,22.468107
2019-10-03,21.55,22.388512
2019-10-04,21.35,22.296251
2019-10-07,21.3,22.189013
2019-10-08,21.9,22.077072
2019-10-09,21.9,22.013306
2019-10-10,21.5,21.986515
2019-10-11,21.5,21.957972
2019-10-14,21.45,21.929993
2019-10-15,21.35,21.900583
2019-10-16,21.3,21.865265
2019-10-17,21.4,21.825184
2019-10-18,21.4,21.792076
2019-10-21,21.2,21.766201
2019-10-22,21.6,21.733097
2019-10-23,21.85,21.725729
2019-10-24,22.0,21.75342
2019-10-25,21.8,21.812538
2019-10-28,22.2,21.873335
2019-10-29,22.2,21.95803
2019-10-30,22.0,22.051422
2019-10-31,21.8,22.128693
2019-11-01,21.9,22.174702
2019-11-04,21.75,22.203348
2019-11-05,21.9,22.207836
2019-11-06,22.0,22.207008
2019-11-07,22.7,22.210203
2019-11-08,22.7,22.26573
2019-11-11,22.8,22.351673
2019-11-12,23.0,22.457914
2019-11-13,22.65,22.582922
2019-11-14,22.65,22.684937
2019-11-15,22.65,22.763268
2019-11-18,22.9,22.819555
2019-11-19,22.8,22.874893
2019-11-20,22.4,22.918373
2019-11-21,22.0,22.92232
2019-11-22,22.1,22.871693
2019-11-25,22.25,22.796848
2019-11-26,22.65,22.723402
2019-11-27,22.6,22.68597
2019-11-28,22.6,22.67216
2019-11-29,22.85,22.675152
2019-12-02,22.95,22.706568
2019-12-03,23.45,22.761019
2019-12-04,23.45,22.861744
2019-12-05,23.1,22.984554
2019-12-06,23.85,23.086515
2019-12-09,24.2,23.220047
2019-12-10,24.4,23.38863
2019-12-11,24.4,23.58127
2019-12-12,24.2,23.774044
2019-12-13,23.8,23.936447
2019-12-16,23.75,24.03631
2019-12-17,23.15,24.083473
2019-12-18,22.55,24.048922
2019-12-19,22.8,23.92112
2019-12-20,23.0,23.76212
2019-12-23,23.05,23.611237
2019-12-24,23.2,23.482721
2019-12-25,23.15,23.39087
2019-12-26,23.0,23.3271
2019-12-27,23.55,23.275991
2019-12-30,23.65,23.276506
2019-12-31,23.5,23.317593
2020-01-02,24.0,23.370813
2020-01-03,24.15,23.46325
2020-01-06,24.0,23.584265
2020-01-07,23.7,23.703012
2020-01-08,23.45,23.788406
2020-01-09,24.0,23.826473
2020-01-10,24.2,23.870348
2020-01-13,24.25,23.929218
2020-01-14,25.0,23.997276
2020-01-15,25.15,24.120872
2020-01-16,25.3,24.281836
2020-01-17,25.0,24.46525
2020-01-20,25.5,24.62592
2020-01-21,25.85,24.79518
2020-01-22,26.3,24.981783
2020-01-30,25.3,25.198034
2020-01-31,24.1,25.341291
2020-02-03,24.55,25.336035
2020-02-04,24.6,25.268429
2020-02-05,24.45,25.169838
2020-02-06,25.2,25.04955
2020-02-07,24.35,24.981833
2020-02-10,24.35,24.89165
2020-02-11,23.6,24.795256
2020-02-12,23.8,24.64747
2020-02-13,23.7,24.493483
2020-02-14,23.7,24.340754
2020-02-17,23.75,24.201767
2020-02-18,23.3,24.086933
2020-02-19,23.25,23.964525
2020-02-20,23.75,23.843494
2020-02-21,23.55,23.769115
2020-02-24,22.7,23.716513
2020-02-25,23.1,23.620798
2020-02-26,22.75,23.53319
2020-02-27,22.95,23.432241
2020-02-28,22.35,23.34519
2020-03-02,22.3,23.231047
2020-03-03,22.3,23.10485
2020-03-04,22.35,22.980783
2020-03-05,22.35,22.87169
2020-03-06,22.4,22.781174
2020-03-09,20.85,22.713522
2020-03-10,21.65,22.555927
2020-03-11,20.55,22.408323
2020-03-12,19.25,22.201286
2020-03-13,19.05,21.881334
2020-03-16,19.1,21.499655
2020-03-17,19.2,21.112238
2020-03-18,19.7,20.759722
2020-03-19,19.15,20.49275
2020-03-20,18.6,20.265753
2020-03-23,17.3,20.044573
2020-03-24,17.1,19.7554
2020-03-25,17.8,19.429083
2020-03-26,16.95,19.149788
2020-03-27,16.2,18.867416
2020-03-30,16.35,18.554695
2020-03-31,16.85,18.254799
2020-04-01,17.25,18.018826
2020-04-03,17.65,17.869448
2020-04-06,18.85,17.814627
2020-04-07,19.0,17.904408
2020-04-08,18.7,18.093496
2020-04-09,18.55,18.312532
2020-04-10,18.8,18.52186
2020-04-13,19.35,18.723078
2020-04-14,19.95,18.939379
2020-04-15,20.1,19.189642
2020-04-16,20.25,19.453901
2020-04-17,20.7,19.71714
2020-04-20,21.2,19.989843
2020-04-21,20.2,20.282253
2020-04-22,20.8,20.496473
2020-04-23,21.6,20.682741
2020-04-24,22.1,20.89203
2020-04-27,21.95,21.1364
2020-04-28,21.4,21.375332
2020-04-29,21.5,21.553362
2020-05-04,21.0,21.683893
2020-05-05,21.4,21.738031
2020-05-06,22.2,21.7664
2020-05-07,23.6,21.833042
2020-05-08,23.4,22.020063
2020-05-11,23.95,22.259035
2020-05-12,23.65,22.552671
2020-05-13,24.1,22.836914
2020-05-14,23.95,23.123913
2020-05-15,23.5,23.378391
2020-05-18,25.1,23.55828
2020-05-19,26.15,23.791277
2020-05-20,26.45,24.118052
2020-05-21,26.5,24.503529
2020-05-22,27.25,24.900496
2020-05-25,27.3,25.32846
2020-05-26,28.4,25.745031
2020-05-27,27.2,26.203297
2020-05-28,27.2,26.559101
2020-05-29,27.4,26.819273
2020-06-01,27.65,27.010618
2020-06-02,27.05,27.161089
2020-06-03,26.95,27.227423
2020-06-04,26.6,27.227795
2020-06-05,27.05,27.159714
2020-06-08,27.7,27.08906
2020-06-09,27.1,27.0732
2020-06-10,27.0,27.049002
2020-06-11,25.5,27.015184
2020-06-12,26.5,26.863714
2020-06-15,25.4,26.726383
2020-06-16,26.2,26.525492
2020-06-17,26.25,26.362686
2020-06-18,26.8,26.241608
2020-06-19,27.35,26.199842
2020-06-22,27.3,26.254438
2020-06-23,27.0,26.363022
2020-06-24,27.0,26.474482
2020-06-25,27.3,26.577757
2020-06-26,27.2,26.68901
2020-06-29,26.65,26.787907
2020-06-30,26.8,26.82853
2020-07-01,27.4,26.839626
2020-07-02,27.6,26.876211
2020-07-03,27.5,26.941555
2020-07-06,27.6,27.012875
2020-07-07,28.35,27.089972
2020-07-08,28.05,27.221684
2020-07-09,28.15,27.354162
2020-07-10,27.75,27.484026
2020-07-13,27.65,27.569937
2020-07-14,27.9,27.61254
2020-07-15,28.05,27.642736
2020-07-16,28.6,27.673964
2020-07-17,28.55,27.746147
2020-07-20,28.0,27.834904
2020-07-21,28.1,27.884693
2020-07-22,28.1,27.913214
2020-07-23,28.2,27.925194
2020-07-24,26.85,27.933395
2020-07-27,25.95,27.834158
2020-07-28,27.35,27.606428
2020-07-29,21.75,27.42348
2020-07-30,22.1,26.857859
2020-07-31,21.7,26.130083
2020-08-03,22.9,25.330349
2020-08-04,23.0,24.641739
2020-08-05,24.1,24.089926
2020-08-06,24.05,23.752312
2020-08-07,24.2,23.576979
2020-08-10,24.3,23.531055
2020-08-11,24.25,23.578089
2020-08-12,24.3,23.67586
2020-08-13,24.5,23.800127
2020-08-14,24.1,23.944221
2020-08-17,24.3,24.058994
2020-08-18,24.15,24.15887
2020-08-19,24.25,24.229195
2020-08-20,24.1,24.281612
2020-08-21,24.35,24.307034
2020-08-24,24.8,24.331211
2020-08-25,24.55,24.385693
2020-08-26,24.2,24.43735
2020-08-27,24.3,24.457375
2020-08-28,24.3,24.462276
2020-08-31,24.55,24.456738
2020-09-01,24.8,24.463331
2020-09-03,25.0,24.495798
2020-09-04,24.95,24.55736
2020-09-07,24.5,24.629198
2020-09-08,24.65,24.668547
2020-09-09,24.5,24.694347
2020-09-10,24.55,24.697887
2020-09-11,24.45,24.690523
2020-09-14,24.6,24.669497
2020-09-15,24.7,24.652668
2020-09-16,24.7,24.647526
2020-09-17,25.4,24.65066
2020-09-18,25.7,24.710655
2020-09-21,25.7,24.824913
2020-09-22,25.55,24.965265
2020-09-23,25.8,25.09967
2020-09-24,25.65,25.23726
2020-09-25,25.75,25.353922
2020-09-28,26.4,25.45474
2020-09-29,26.35,25.585493
2020-09-30,26.4,25.721233
2020-10-01,27.0,25.853168
2020-10-02,26.7,26.016937
2020-10-05,27.35,26.165018
2020-10-06,28.25,26.340178
2020-10-07,27.8,26.586544
2020-10-08,28.1,26.82433
2020-10-09,28.5,27.060125
2020-10-12,28.25,27.305109
2020-10-13,28.0,27.51596
2020-10-14,28.35,27.667894
2020-10-15,29.05,27.79614
2020-10-16,29.1,27.95256
2020-10-19,28.9,28.118113
2020-10-20,29.35,28.26076
2020-10-21,29.1,28.412165
2020-10-22,29.6,28.536512
2020-10-23,30.9,28.672663
2020-10-26,30.8,28.907011
2020-10-27,31.4,29.176523
2020-10-28,30.4,29.494474
2020-10-29,30.6,29.735933
2020-10-30,30.55,29.924185
2020-11-02,30.6,30.05692
2020-11-03,30.7,30.146723
2020-11-04,30.65,30.209614
2020-11-05,30.25,30.24632
2020-11-06,30.4,30.231764
2020-11-09,31.5,30.19871
2020-11-10,31.3,30.245026
2020-11-11,31.3,30.321587
2020-11-12,31.45,30.412292
2020-11-13,31.95,30.516365
2020-11-16,32.25,30.660059
2020-11-17,33.35,30.840427
2020-11-18,34.6,31.11805
2020-11-19,35.2,31.535393
2020-11-20,35.7,32.055286
2020-11-23,37.5,32.637417
2020-11-24,37.5,33.359074
2020-11-25,35.6,34.10442
2020-11-26,35.1,34.636597
2020-11-27,36.25,34.943623
2020-11-30,35.5,35.17635
2020-12-01,35.6,35.273247
2020-12-02,35.3,35.286747
2020-12-03,36.85,35.220886
2020-12-04,36.95,35.24546
2020-12-07,38.2,35.331562
2020-12-08,38.4,35.558846
2020-12-09,38.5,35.87129
2020-12-10,37.6,36.21923
2020-12-11,38.8,36.479385
2020-12-14,39.25,36.766457
2020-12-15,38.6,37.07999
2020-12-16,38.8,37.323994
2020-12-17,37.65,37.521175
2020-12-18,38.6,37.56795
2020-12-21,38.55,37.60216
2020-12-22,39.35,37.61779
2020-12-23,40.0,37.69226
2020-12-24,39.95,37.85348
2020-12-25,40.75,38.05
2020-12-28,41.55,38.32313
2020-12-29,41.6,38.689194
2020-12-30,40.9,39.08324
2020-12-31,41.45,39.395493
2021-01-04,42.3,39.677948
2021-01-05,42.35,39.989403
2021-01-06,42.8,40.292114
2021-01-07,42.8,40.602547
2021-01-08,42.75,40.88737
2021-01-11,43.05,41.12472
2021-01-12,44.9,41.33722
2021-01-13,44.7,41.68361
2021-01-14,44.45,42.057602
2021-01-15,44.5,42.3926
2021-01-18,44.6,42.67642
2021-01-19,41.6,42.909172
2021-01-20,41.7,42.805973
2021-01-21,44.2,42.522476
2021-01-22,43.65,42.382748
2021-01-25,43.7,42.28669
2021-01-26,42.3,42.237576
2021-01-27,40.3,42.09385
2021-01-28,37.5,41.725594
2021-01-29,39.15,41.002842
2021-02-01,38.35,40.287632
2021-02-02,40.5,39.565716
2021-02-03,42.0,39.105633
2021-02-04,41.8,38.981716
2021-02-05,42.5,39.062363
2021-02-08,40.9,39.331078
2021-02-09,41.8,39.547195
2021-02-17,43.45,39.795174
2021-02-18,43.85,40.184525
2021-02-19,43.45,40.6583
2021-02-22,43.4,41.10411
2021-02-23,43.3,41.486443
2021-02-24,43.6,41.78174
2021-02-25,44.15,42.020683
2021-02-26,45.6,42.250343
2021-03-01,46.2,42.585236
2021-03-02,46.7,43.006336
2021-03-03,46.8,43.487957
2021-03-04,45.9,43.9697
2021-03-05,46.0,44.31892
2021-03-08,46.3,44.562664
2021-03-09,45.85,44.742672
2021-03-10,45.6,44.820286
2021-03-11,46.4,44.804222
2021-03-12,46.45,44.808064
2021-03-15,46.5,44.82568
2021-03-16,46.1,44.85608
2021-03-17,46.3,44.854046
2021-03-18,46.6,44.853077
2021-03-19,47.15,44.88062
2021-03-22,46.75,44.97502
2021-03-23,46.6,45.062454
2021-03-24,45.45,45.125156
2021-03-25,45.0,45.056908
2021-03-26,46.2,44.875072
2021-03-29,46.3,44.75496
2021-03-30,46.45,44.68948
2021-03-31,46.8,44.68018
2021-04-01,48.5,44.740807
2021-04-02,49.05,45.00079
2021-04-05,49.3,45.40755
2021-04-06,49.4,45.89081
2021-04-07,49.45,46.384186
2021-04-08,49.35,46.83935
2021-04-09,49.55,47.214535
2021-04-12,51.2,47.52109
2021-04-13,50.1,47.913677
2021-04-14,53.0,48.205513
2021-04-15,54.5,48.69687
2021-04-16,54.6,49.399452
2021-04-19,57.8,50.170296
2021-04-20,57.2,51.229626
2021-04-22,55.0,52.287415
2021-04-23,56.4,53.01652
2021-04-26,55.1,53.617188
2021-04-27,56.3,53.93031
2021-04-28,56.0,54.160763
2021-04-29,58.1,54.276485
2021-05-04,59.8,54.526936
2021-05-05,59.3,54.999035
2021-05-06,59.4,55.501476
2021-05-07,60.8,55.98643
2021-05-10,63.0,56.55491
2021-05-11,62.0,57.33696
2021-05-12,62.7,58.052578
2021-05-13,61.5,58.733147
2021-05-14,61.4,59.18761
2021-05-17,61.9,59.44995
2021-05-18,63.4,59.616844
2021-05-19,66.1,59.861134
2021-05-20,66.6,60.40399
2021-05-21,65.6,61.111355
2021-05-24,65.4,61.738377
2021-05-25,67.4,62.235035
2021-05-26,67.8,62.81177
2021-05-27,66.8,63.403
2021-05-28,67.1,63.829556
2021-05-31,52.7,64.14822
2021-06-01,55.5,62.81585
2021-06-02,54.0,61.02763
2021-06-03,54.3,58.962334
2021-06-04,54.5,56.98962
2021-06-07,52.7,55.302685
2021-06-08,50.0,53.78691
2021-06-09,50.3,52.278156
2021-06-10,51.6,50.979813
2021-06-11,53.1,50.071156
2021-06-14,53.6,49.638535
2021-06-15,53.2,49.59075
2021-06-16,51.8,49.750008
2021-06-17,51.4,49.88794
2021-06-18,52.1,49.965626
2021-06-21,51.2,50.06682
2021-06-22,51.7,50.077484
2021-06-23,51.4,50.08421
2021-06-24,50.6,50.053905
2021-06-25,50.7,49.925026
2021-06-28,52.4,49.76062
2021-06-29,51.8,49.756973
2021-06-30,51.5,49.78535
2021-07-01,52.8,49.80519
2021-07-02,52.3,49.947647
2021-07-05,51.2,50.094963
2021-07-06,48.0,50.12361
2021-07-07,49.9,49.761887
2021-07-08,49.0,49.39646
2021-07-09,47.3,48.96335
2021-07-12,44.95,48.370674
2021-07-13,45.5,47.51895
2021-07-14,45.0,46.656887
2021-07-15,46.5,45.82241
2021-07-16,46.75,45.234432
2021-07-19,44.3,44.875954
2021-07-20,47.3,44.465237
2021-07-21,46.75,44.35774
2021-07-22,47.2,44.384346
2021-07-23,45.8,44.539856
2021-07-26,45.6,44.626415
2021-07-27,46.2,44.647507
2021-07-28,46.7,44.68099
2021-07-29,47.1,44.762764
2021-07-30,47.3,44.903038
2021-08-02,47.25,45.084267
2021-08-03,47.25,45.268135
2021-08-04,47.5,45.435577
2021-08-05,48.8,45.599483
2021-08-06,48.4,45.86821
2021-08-09,49.7,46.132256
2021-08-10,49.4,46.49549
2021-08-11,48.95,46.850204
2021-08-12,48.4,47.122406
2021-08-13,48.65,47.26333
2021-08-16,49.45,47.333344
2021-08-17,50.4,47.427544
2021-08-18,50.4,47.616615
2021-08-19,50.9,47.843132
2021-08-20,49.0,48.120995
2021-08-23,47.5,48.21462
2021-08-24,47.75,48.04556
2021-08-25,48.4,47.7591
2021-08-26,47.7,47.488327
2021-08-27,47.6,47.183548
2021-08-30,48.7,46.883255
2021-08-31,49.3,46.72324
2021-09-01,49.2,46.720623
2021-09-06,51.2,46.80635
2021-09-07,50.7,47.135403
2021-09-08,51.3,47.527653
2021-09-09,51.9,47.983555
2021-09-10,51.5,48.49001
2021-09-13,50.8,48.93512
2021-09-14,50.3,49.229317
2021-09-15,51.6,49.351818
2021-09-16,51.3,49.48405
2021-09-17,51.8,49.571728
2021-09-20,51.3,49.67478
2021-09-21,50.8,49.72508
2021-09-22,50.9,49.690628
2021-09-23,51.0,49.618786
2021-09-24,50.8,49.539646
2021-09-27,50.8,49.4437
2021-09-28,52.6,49.348366
2021-09-29,53.3,49.441605
2021-09-30,52.9,49.70453
2021-10-01,53.4,50.00627
2021-10-04,55.5,50.35518
2021-10-05,55.3,50.906044
2021-10-06,56.1,51.49723
2021-10-07,55.6,52.13719
2021-10-08,55.7,52.687088
2021-10-11,57.2,53.1366
2021-10-12,57.0,53.628246
2021-10-13,56.8,54.065727
2021-10-14,56.8,54.405296
2021-10-15,57.3,54.649235
2021-10-18,57.9,54.858814
2021-10-19,57.2,55.083546
2021-10-20,56.9,55.21864
2021-10-21,57.2,55.257633
2021-10-22,56.7,55.265007
2021-10-25,55.1,55.198013
2021-10-26,56.3,54.93025
2021-10-27,57.9,54.699017
2021-10-28,58.0,54.670635
2021-10-29,57.1,54.773483
2021-11-01,55.7,54.85687
2021-11-02,55.5,54.78208
2021-11-03,55.6,54.60416
2021-11-04,56.3,54.39056
2021-11-05,56.6,54.247635
2021-11-08,56.8,54.190567
2021-11-09,56.5,54.213024
2021-11-10,55.3,54.251923
2021-11-11,54.0,54.17644
2021-11-12,54.6,53.911602
2021-11-15,53.6,53.62432
2021-11-16,52.0,53.245808
2021-11-17,51.4,52.693863
2021-11-18,49.95,52.04017
2021-11-19,48.0,51.247795
2021-11-22,48.65,50.26515
2021-11-23,49.55,49.34039
2021-11-24,48.65,48.629166
2021-11-25,49.25,48.030792
2021-11-26,49.05,47.6282
2021-11-29,48.4,47.365967
2021-11-30,48.95,47.156284
2021-12-01,49.0,47.056812
2021-12-02,48.6,47.03765
2021-12-03,47.7,47.031693
2021-12-06,45.75,46.948906
2021-12-07,47.6,46.640972
2021-12-08,47.2,46.408592
2021-12-09,47.1,46.197033
2021-12-10,46.5,46.012756
2021-12-13,46.55,45.806797
2021-12-14,47.7,45.614834
2021-12-15,47.8,45.559547
2021-12-16,47.5,45.599773
2021-12-17,46.7,45.66775
2021-12-20,46.9,45.67101
2021-12-21,46.1,45.65504
2021-12-22,45.1,45.54954
2021-12-23,44.95,45.305664
2021-12-24,46.05,44.98832
2021-12-27,45.9,44.76022
2021-12-28,45.8,44.591377
2021-12-29,45.8,44.468815
2021-12-30,45.7,44.388206
2021-12-31,46.4,44.33233
2022-01-04,46.75,44.364014
2022-01-05,46.8,44.477814
2022-01-06,46.1,44.636036
2022-01-07,45.8,44.740208
2022-01-10,45.65,44.774162
2022-01-11,45.1,44.74646
2022-01-12,46.2,44.63026
2022-01-13,46.7,44.576168
2022-01-14,46.25,44.60892
2022-01-17,44.7,44.649445
2022-01-18,44.0,44.54641
2022-01-19,43.5,44.303192
2022-01-20,44.0,43.95006
2022-01-21,43.3,43.610767
2022-01-24,40.7,43.245365
2022-01-25,43.25,42.66098
2022-01-26,43.45,42.243374
2022-01-27,42.15,41.977222
2022-01-28,42.2,41.713478
2022-02-07,43.05,41.487305
2022-02-08,45.55,41.383373
2022-02-09,47.3,41.59332
2022-02-10,47.0,42.1369
2022-02-11,47.15,42.80981
2022-02-14,46.2,43.517456
2022-02-15,46.0,44.087185
2022-02-16,46.0,44.49677
2022-02-17,46.5,44.763206
2022-02-18,47.05,44.95924
2022-02-21,46.65,45.141556
2022-02-22,46.4,45.257236
2022-02-23,46.7,45.298077
2022-02-24,46.0,45.317413
2022-02-25,45.9,45.25285
2022-02-28,47.2,45.13572
2022-03-01,46.9,45.121307
2022-03-02,46.9,45.138798
2022-03-03,50.1,45.1775
2022-03-04,49.8,45.532925
2022-03-07,51.1,46.011707
2022-03-08,49.45,46.65204
2022-03-09,49.85,47.165424
2022-03-10,49.15,47.59438
2022-03-11,47.6,47.854702
2022-03-14,45.8,47.833576
2022-03-15,46.15,47.46914
2022-03-16,46.2,46.968338
2022-03-17,45.95,46.434483
2022-03-18,46.5,45.910053
2022-03-21,46.85,45.499043
2022-03-22,46.9,45.23172
2022-03-23,46.8,45.085533
2022-03-24,46.4,45.021152
2022-03-25,46.4,44.97723
2022-03-28,45.9,44.952087
2022-03-29,45.85,44.89302
2022-03-30,45.5,44.81552
2022-03-31,45.1,44.70043
2022-04-01,45.7,44.536404
2022-04-04,45.85,44.415985
2022-04-05,46.1,44.346146
2022-04-06,47.25,44.33864
2022-04-07,46.55,44.47956
2022-04-08,46.4,44.62943
2022-04-12,45.1,44.759724
2022-04-13,45.2,44.740955
2022-04-14,44.9,44.644268
2022-04-15,44.2,44.477497
2022-04-18,42.65,44.21776
2022-04-19,43.3,43.782104
2022-04-20,43.2,43.346138
2022-04-21,43.35,42.93941
2022-04-22,43.8,42.6057
2022-04-25,40.75,42.392014
2022-04-26,41.2,41.990925
2022-04-27,42.5,41.564983
2022-04-28,43.1,41.279266
2022-04-29,43.3,41.15908
2022-05-04,42.0,41.172523
2022-05-05,42.05,41.150135
2022-05-06,41.8,41.1164
2022-05-09,39.95,41.05389
2022-05-10,41.1,40.810192
2022-05-11,40.65,40.586273
2022-05-12,38.25,40.349487
2022-05-13,35.9,39.912437
2022-05-16,36.3,39.18949
2022-05-17,38.2,38.39873
2022-05-18,38.2,37.804108
2022-05-19,37.9,37.38303
2022-05-20,37.65,37.08682
2022-05-23,36.75,36.876648
2022-05-24,34.9,36.661983
2022-05-25,34.45,36.305267
2022-05-26,35.0,35.8565
